﻿id","name","description","link","category","field","task","instances","num","tutorial
["cmu","CMU","-","http://domedb.perception.cs.cmu.edu/","Image","3-D Estimation","-","-","1","-"];
["human-3.6m","Human 3.6M","The Human3.6M dataset is one of the largest motion capture datasets"," which consists of 3.6 million human poses and corresponding images captured by a high-speed motion capture system. There are 4 high-resolution progressive scan cameras to acquire video ...","http://vision.imar.ro/human3.6m/description.php","Image","3-D Estimation","3D_Human_Pose_Estimation","3D_Absolute_Human_Pose_Estimation","Human_action_generation","-","2","-"];
["apoloscape","ApoloScape","-","http://apolloscape.auto/","Image","Autonomous Driving","-","-","3","https://capsulesbot.com/blog/2018/08/24/apolloscape-posenet-pytorch.html"];
["cifar-10","cifar-10","The CIFAR-10 dataset (Canadian Institute for Advanced Research"," 10 classes) is a subset of the Tiny Images dataset and consists of 60000 32x32 color images. The images are labelled with one of 10 mutually exclusive classes: airplane"," automobile (but not ...","https://www.cs.toronto.edu/~kriz/cifar.html","Image","Classification","Image_Classification","Image_Generation","Graph_Classification","60000","4","https://ermlab.com/en/blog/nlp/cifar-10-classification-using-keras-tutorial/"];
["cifar-100","cifar-100","The CIFAR-100 dataset (Canadian Institute for Advanced Research"," 100 classes) is a subset of the Tiny Images dataset and consists of 60000 32x32 color images. The 100 classes in the CIFAR-100 are grouped into 20 superclasses. There are 600 images per cla...","https://www.cs.toronto.edu/~kriz/cifar.html","Image","Classification","Image_Classification","Image_Generation","Few-Shot_Image_Classification","60000","5","-"];
["omniglot","omniglot","Omniglot is a large dataset of hand-written characters with 1623 characters and 20 examples for each character. These characters are collected based upon 50 alphabets from different countries. It contains both images and strokes data. Stroke data are coo...","https://github.com/brendenlake/omniglot#python","Image","Classification","Few-Shot_Image_Classification","Density_Estimation","Multi-Task_Learning","38300","6","https://towardsdatascience.com/few-shot-learning-with-prototypical-networks-87949de03ccd"];
["mnist","mnist","The MNIST database (Modified National Institute of Standards and Technology database) is a large collection of handwritten digits. It has a training set of 60","000 examples"," and a test set of 10","000 examples. It is a subset of a larger NIST Special Databa...","http://yann.lecun.com/exdb/mnist/","Image","Classification","Image_Classification","Image_Generation","Domain_Adaptation","60000","7","https://towardsdatascience.com/image-classification-in-10-minutes-with-mnist-dataset-54c35b77a38d"];
["celeba","celebA","CelebFaces Attributes dataset contains 202","599 face images of the size 178×218 from 10","177 celebrities"," each annotated with 40 binary labels indicating facial attributes like hair color"," gender and age.","http://mmlab.ie.cuhk.edu.hk/projects/CelebA.html","Image","Classification","Image_Classification","Image_Generation","Face_Alignment","-","8","-"];
["svhn","SVHN","The Street View House Number (SVHN) is a digit classification benchmark dataset that contains 600000 32×32 RGB images of printed digits (from 0 to 9) cropped from pictures of house number plates. The cropped images are centered in the digit of interest","...","http://ufldl.stanford.edu/housenumbers/","Image","Classification","Image_Classification","Domain_Adaption","Semi-Supervised_Image_Classification","-","9","-"];
["street_style_dataset_of_matzen","Street Style dataset of Matzen","-","http://streetstyle.cs.cornell.edu/","Image","Classification","-","-","10","-"];
["pku_vehicleid","PKU VehicleID (VehicleID)","The “VehicleID” dataset contains CARS captured during the daytime by multiple real-world surveillance cameras distributed in a small city in China. There are 26","267 vehicles (221","763 images in total) in the entire dataset. Each image is attached with...","https://pkuml.org/resources/pku-vehicleid.html","Image","Classification","Vehicle_Re-Identification","-","11","-"];
["the_in-shop_clothes","The In-shop Clothes","-","http://mmlab.ie.cuhk.edu.hk/projects/DeepFashion/InShopRetrieval.html","Image","Classification","-","-","12","-"];
["taskonomy","Taskonomy","Taskonomy provides a large and high-quality dataset of varied indoor scenes.    Complete pixel-level geometric information via aligned meshes.  Semantic information via knowledge distillation from ImageNet"," MS COCO"," and MIT Places.  Globally consistent c...","http://taskonomy.stanford.edu/","Image","Depth Estimation","Depth_Estimation","Surface_Normals_Estimation","-","13","-"];
["cuhk_face_sketch_database","CUHK Face Sketch Database (CUFS)","-","http://www.ee.cuhk.edu.hk/~xgwang/datasets.html","Image","Face Sketch","-","-","14","-"];
["chestx-ray8","ChestX-ray8","ChestX-ray8 is a medical imaging dataset which comprises 108","948 frontal-view X-ray images of 32","717 (collected from the year of 1992 to 2015) unique patients with the text-mined eight common disease labels"," mined from the text radiological reports via N...","https://www.kaggle.com/nih-chest-xrays/data","Image","Medical Classification","Image_Classification","Computed_Tomography(CT)","-","15","-"];
["kitti","kitti","KITTI (Karlsruhe Institute of Technology and Toyota Technological Institute) is one of the most popular datasets for use in mobile robotics and autonomous driving. It consists of hours of traffic scenarios recorded with a variety of sensor modalities"," in...","http://www.cvlibs.net/datasets/kitti/","Image","Object Detection","Object_Detection","Semantice_Segmentation","Image_Super-Resolution",">100 GB of data","16","https://github.com/joseph-zhang/KITTI-TorchLoader"];
["pascal_voc_2012","pascal voc 2012","-","http://host.robots.ox.ac.uk/pascal/VOC/voc2012/","Image","Object Detection","-","-","17","-"];
["cityscapes","Cityscapes","Cityscapes is a large-scale database which focuses on semantic understanding of urban street scenes. It provides semantic"," instance-wise"," and dense pixel annotations for 30 classes grouped into 8 categories (flat surfaces"," humans"," vehicles"," constructions...","https://www.cityscapes-dataset.com/","Image","Object Detection","Image_Generation","Semantic_Segmentation","Image-to-Image_Translation","25000","18","-"];
["aflw","AFLW","The Annotated Facial Landmarks in the Wild (AFLW) is a large-scale collection of annotated face images gathered from Flickr"," exhibiting a large variety in appearance (e.g."," pose"," expression"," ethnicity"," age"," gender) as well as general imaging and environm...","https://www.tugraz.at/institute/icg/research/team-bischof/lrs/downloads/aflw/","Image","Object Detection","Face_Alignment","Facial_Landmark's_Detection","Low-Light_Image_Enhancement","-","19","-"];
["caltech_101","Caltech 101","The Caltech101 dataset contains images from 101 object categories (e.g."," “helicopter”"," “elephant” and “chair” etc.) and a background category that contains the images not from the 101 object categories. For each object category"," there are abo...","http://www.vision.caltech.edu/Image_Datasets/CaltechPedestrians/","Image","Object Detection","Fine-Grained_Image_Classification","Semi-Supervised_Image_Classificatino","Density_Estimation","9146","20","-"];
["caltech_256","Caltech 256","Caltech-256 is an object recognition dataset containing 30","607 real-world images"," of different sizes"," spanning 257 classes (256 object classes and an additional clutter class). Each class is represented by at least 80 images. The dataset is a superset of...","https://authors.library.caltech.edu/7694/","Image","Object Detection","Few-Shot_Image_Classification","Semi-Supervised_Image_Classification","30607","21","-"];
["amazon","Amazon","-","https://docs.aws.amazon.com/rekognition/latest/customlabels-dg/cd-create-dataset.html","Image","Object Detection","-","-","22","-"];
["nlpr","NLPR","The NLPR dataset for salient object detection consists of 1","000 image pairs captured by a standard Microsoft Kinect with a resolution of 640×480. The images include indoor and outdoor scenes (e.g."," offices"," campuses"," streets and supermarkets).","https://www.abbreviationfinder.org/ko/acronyms/nlpr.html","Image","Object Detection","RGB-D_Salient_Object_Detection","-","23","-"];
["coco","coco","The MS COCO (Microsoft Common Objects in Context) dataset is a large-scale object detection"," segmentation"," key-point detection"," and captioning dataset. The dataset consists of 328K images.    Splits: The first version of MS COCO dataset was released in 2...","https://cocodataset.org/#home","Image","Object Recognition","Pose_Estimation","Object_Detection","Semantic_Segmentation","2500000","24","https://medium.com/fullstackai/how-to-train-an-object-detector-with-your-own-coco-dataset-in-pytorch-319e7090da5"];
["imagenet","imagenet","The ImageNet dataset contains 14","197","122 annotated images according to the WordNet hierarchy. Since 2010 the dataset is used in the ImageNet Large Scale Visual Recognition Challenge (ILSVRC)"," a benchmark in image classification and object detection. The ...","http://image-net.org/about-overview","Image","Object Recognition","Image_Classification","Image_Generation","Few-Shot_Learning","14197122","25","-"];
["sun","sun","-","https://vision.princeton.edu/projects/2010/SUN/","Image","Object Recognition","-","131","067","26","-"];
["lsun","lsun","The Large-scale Scene Understanding (LSUN) challenge aims to provide a different benchmark for large-scale scene classification and understanding. The LSUN classification dataset contains 10 scene categories"," such as dining room"," bedroom"," chicken"," outdoo...","https://www.yf.io/p/lsun","Image","Saliency Detection","Image_Generation","-","27","-"];
["replica","Replica","The Replica Dataset is a dataset of high quality reconstructions of a variety of indoor spaces. Each reconstruction has clean dense geometry"," high resolution and high dynamic range textures"," glass and mirror surface information"," planar segmentation as we...","https://github.com/facebookresearch/Replica-Dataset","Image","Scene Generation","Domain_Adaption","Visual_Navigation","Scene_Generation","-","28","-"];
["scannet","scannet","ScanNet is an instance-level indoor RGB-D dataset that includes both 2D and 3D data. It is a collection of labeled voxels rather than points or objects. Up to now"," ScanNet v2"," the newest version of ScanNet"," has collected 1513 annotated scans with an appr...","http://www.scan-net.org/","Image","Semantic Segmentation","Semantic_Segmentation","Depth_Estimation","3D_Reconstruction","-","29","-"];
["nyu_depth_v1_v2","nyu depth V1"," V2","-","https://cs.nyu.edu","Image","Semantic Segmentation","-","-","30","-"];
["lip","lip","The LIP (Look into Person) dataset is a large-scale dataset focusing on semantic understanding of a person. It contains 50","00 images with elaborated pixel-wise annotations of 19 semantic human part labels and 2D human poses with 16 key points. The images...","http://sysu-hcp.net/lip/index.php","Image","Semantic Segmentation","Semantic_Segmentation","-","31","-"];
["ade","ADE","The ADE20K semantic segmentation dataset contains more than 20K scene-centric images exhaustively annotated with pixel-level objects and object parts labels. There are totally 150 semantic categories"," which include stuffs like sky"," road"," grass"," and discr...","https://groups.csail.mit.edu/vision/datasets/ADE20K/index.html","Image","Semantic Segmentation","Semantic_Segmentation","Image-to-Image_Translation","Scene_Understanding","-","32","-"];
["ffhq","ffhq","Flickr-Faces-HQ (FFHQ) consists of 70","000 high-quality PNG images at 1024×1024 resolution and contains considerable variation in terms of age"," ethnicity and image background. It also has good coverage of accessories such as eyeglasses"," sunglasses"," hats","...","https://github.com/NVlabs/ffhq-dataset","Image","Super Resolution","Image_Generation","Image_Super-Resolution","Image_Inpainting","-","33","-"];
["ucf","ucf","UCF101 dataset is an extension of UCF50 and consists of 13","320 video clips"," which are classified into 101 categories. These 101 categories can be classified into 5 types (Body motion"," Human-human interactions"," Human-object interactions"," Playing musical i...","https://www.crcv.ucf.edu/data/UCF101.php#Results_on_UCF101","Video","Action Recognition","Temporal_Action_Localization","Action_Recognition","Action_Detection","-","1","-"];
["activitynet","Activitynet","The ActivityNet dataset contains 200 different types of activities and a total of 849 hours of videos collected from YouTube. ActivityNet is the largest benchmark for temporal activity detection to date in terms of both the number of activity categories ...","http://mmlab.ie.cuhk.edu.hk/projects/CelebA.html","Video","Action Recognition","Temporal_Action_Localization","Action_Recognition","Action_Classification","-","2","-"];
["ntu","ntu","-","http://rose1.ntu.edu.sg/datasets/actionrecognition.asp","Video","Action Recognition","-","-","3","-"];
["kinetics","kinetics","The Kinetics dataset is a large-scale"," high-quality dataset for human action recognition in videos. The dataset consists of around 500","000 video clips covering 600 human action classes with at least 600 video clips for each action class. Each video clip ...","https://arxiv.org/abs/1705.06950","Video","Action Recognition","Temporal_Action_Localization","Video_Classification","Action_Recognition","-","4","-"];
["youtube_8m_segments_dataset","YouTube-8M Segments Dataset","The YouTube-8M dataset is a large scale video dataset"," which includes more than 7 million videos with 4716 classes labeled by the annotation system. The dataset consists of three parts: training set"," validate set"," and test set. In the training set"," each ...","http://research.google.com/youtube8m/index.html","Video","Classification","Video_Classification","Video_Prediction","8 million","5","-"];
["davis_16","davis 16","DAVIS16 is a dataset for video object segmentation which consists of 50 videos in total (30 videos for training and 20 for testing). Per-frame pixel-wise annotations are offered.","https://davischallenge.org/index.html","Video","Object Segmentation","Video_Object_Segmentation","Video_Salient_Object_Detection","Unsupervised_Video_Object_Segmentation","-","6","-"];
["davis_17","davis 17","DAVIS17 is a dataset for video object segmentation. It contains a total of 150 videos - 60 for training"," 30 for validation"," 60 for testing","https://davischallenge.org/index.html","Video","Object Segmentation","Semantic_Segmentation","Video_Object_Segmentation","Referring_Expression_Segmentation","-","7","-"];
["davis_18","davis 18","-","https://davischallenge.org/index.html","Video","Object Segmentation","-","-","8","-"];
["davis_19","davis 19","-","https://davischallenge.org/index.html","Video","Object Segmentation","-","-","9","-"];
["mot","MOT","-","https://motchallenge.net/","Video","Object Tracking","-","-","10","-"];
["vot","vot","-","https://www.votchallenge.net/index.html","Video","Object Tracking","-","-","11","-"];
["dexter","dexter","-","http://archive.ics.uci.edu/ml//datasets/Dexter","Text","Classification","-","2600","1","-"];
["ubuntu_dialogue","ubuntu dialogue","Ubuntu Dialogue Corpus (UDC) is a dataset containing almost 1 million multi-turn dialogues"," with a total of over 7 million utterances and 100 million words. This provides a unique resource for research into building dialogue managers based on neural lang...","https://ubuntudialogue.org/","Text","Dialogue Generation","Dialogue_Generation","Conversational_Response_Selection","Answer_Selection","-","2","-"];
["wmt19","wmt19","-","http://www.statmt.org/wmt19/","Text","Machine Translation","-","-","3","-"];
["wmt18","wmt18","WMT 2018 is a collection of datasets used in shared tasks of the Third Conference on Machine Translation. The conference builds on a series of twelve previous annual workshops and conferences on Statistical Machine Translation.    The conference featured...","http://www.statmt.org/wmt18/papers.html","Text","Machine Translation","Machine_Translation","-","4","-"];
["wmt17","wmt17","-","http://www.statmt.org/wmt17/results.html","Text","Machine Translation","-","-","5","-"];
["wmt16","wmt16","WMT 2016 is a collection of datasets used in shared tasks of the First Conference on Machine Translation. The conference builds on ten previous Workshops on statistical Machine Translation.    The conference featured ten shared tasks:    a news translati...","http://www.statmt.org/wmt16/","Text","Machine Translation","Machine_Translation","Unsupervised_Machine_Translation","-","6","-"];
["wmt15","wmt15","WMT 2015 is a collection of datasets used in shared tasks of the Tenth Workshop on Statistical Machine Translation. The workshop featured five tasks:    a news translation task","  a metrics task","  a tuning task","  a quality estimation task","  an automatic p...","http://www.statmt.org/wmt15/","Text","Machine Translation","Machine_Translation","-","7","-"];
["wmt14","wmt14","WMT 2014 is a collection of datasets used in shared tasks of the Ninth Workshop on Statistical Machine Translation. The workshop featured four tasks:    a news translation task","  a quality estimation task","  a metrics task","  a medical text translation task.","http://www.statmt.org/wmt14/","Text","Machine Translation","Machine_Translation","Unsupervised_Machine_Translation","-","8","-"];
["semeval-2016","SemEval-2016","-","https://alt.qcri.org/semeval2016/index.php?id=tasks","Text","Word Sentiment","-","-","9","-"];
["bfm","BFM","-","https://faces.dmi.unibas.ch/bfm/?nav=1-0&id=basel_face_model","3-D Image","3-D Estimation","-","-","1","-"];
["pix3d","Pix3D","The Pix3D dataset is a large-scale benchmark of diverse image-shape pairs with pixel-level 2D-3D alignment. Pix3D has wide applications in shape-related tasks including reconstruction"," retrieval"," viewpoint estimation"," etc.","http://pix3d.csail.mit.edu/","3-D Image","Classification","3D_Shape_Reconstruction","3D_Shape_Modeling","3D_Shape_Classification","-","2","-"];
["shrec","shrec","The SHREC dataset contains 14 dynamic gestures performed by 28 participants (all participants are right handed) and captured by the Intel RealSense short range depth camera. Each gesture is performed between 1 and 10 times by each participant in two way:...","http://tosca.cs.technion.ac.il/book/shrec_robustness2010.html","3-D Image","Object Recognition","Gesture_Recognition","Hand_Gesture_Recognition","Skeleton_Based_Action_Recognition","-","3","-"];
["shapenetcore","shapenetCore","-","https://www.shapenet.org/","3-D Image","Semantic Segmentation","-","-","4","-"];
["faust","faust","The FAUST dataset is a dataset of real 3D scans of humans. It contains 10 scanned human shapes in 10 different poses"," resulting in a total of 100 non-watertight meshes with 6","890 nodes each.","http://faust.is.tue.mpg.de/","3-D Image","Semantic Segmentation","Semantic_Segmentation","3D_Reconstruction","3D_Point_Cloud_Matching","-","5","-"];
["scape","Scape","-","https://ai.stanford.edu/~drago/Projects/scape/scape.html","3-D Image","3-D Estimation","-","-","6","-"];
["voxceleb","VoxCeleb","-","http://www.robots.ox.ac.uk/~vgg/data/voxceleb/","Sound","Video Reconstruction","-","-","1","-"];
